{"HPA201_ndiv=4_level=0": {"utopia": [178.6, -12.43], "nadir": [400.0, -5.488]}, "HPA201_ndiv=4_level=1": {"utopia": [177.9, -12.77], "nadir": [400.0, -5.492]}, "HPA201_ndiv=4_level=2": {"utopia": [177.8, -12.78], "nadir": [400.0, -5.521]}, "HPA202_ndiv=4_level=0": {"utopia": [206.4, 0.02258], "nadir": [708.2, 3.166]}, "HPA202_ndiv=4_level=1": {"utopia": [204.4, 0.0172], "nadir": [756.3, 3.055]}, "HPA202_ndiv=4_level=2": {"utopia": [203.8, 0.01308], "nadir": [823.4, 2.975]}, "HPA203_ndiv=4_level=0": {"utopia": [22.32, -60.0], "nadir": [36.09, 0.03814]}, "HPA203_ndiv=4_level=1": {"utopia": [21.64, -60.0], "nadir": [35.58, 0.001502]}, "HPA203_ndiv=4_level=2": {"utopia": [21.6, -60.0], "nadir": [35.35, 0.000963]}, "HPA204_ndiv=4_level=0": {"utopia": [-12.5, 0.04341], "nadir": [-8.743, 0.6938]}, "HPA204_ndiv=4_level=1": {"utopia": [-12.78, 0.03685], "nadir": [-8.526, 0.7625]}, "HPA204_ndiv=4_level=2": {"utopia": [-12.79, 0.03381], "nadir": [-8.412, 0.7501]}, "HPA205_ndiv=4_level=0": {"utopia": [-12.48, 0], "nadir": [-12.29, 1058.0]}, "HPA205_ndiv=4_level=1": {"utopia": [-12.78, 0], "nadir": [-12.46, 829.0]}, "HPA205_ndiv=4_level=2": {"utopia": [-12.79, 0], "nadir": [-12.46, 839.6]}, "HPA301_ndiv=4_level=0": {"utopia": [178.6, -12.43, -0.9998], "nadir": [400.0, -5.461, -0.9721]}, "HPA301_ndiv=4_level=1": {"utopia": [177.9, -12.77, -0.9998], "nadir": [400.0, -5.438, -0.9732]}, "HPA301_ndiv=4_level=2": {"utopia": [177.8, -12.78, -0.9998], "nadir": [400.0, -5.461, -0.9736]}, "HPA302_ndiv=4_level=0": {"utopia": [206.4, 0.02258, 0.03979], "nadir": [712.1, 3.166, 0.3879]}, "HPA302_ndiv=4_level=1": {"utopia": [204.4, 0.0172, 0.03195], "nadir": [776.3, 3.055, 0.3921]}, "HPA302_ndiv=4_level=2": {"utopia": [203.8, 0.01308, 0.02969], "nadir": [846.6, 2.975, 0.3891]}, "HPA303_ndiv=4_level=0": {"utopia": [22.32, 4.0, -60.0], "nadir": [36.53, 7.001, 0.06157]}, "HPA303_ndiv=4_level=1": {"utopia": [21.64, 4.0, -60.0], "nadir": [36.85, 4.849, 0.001502]}, "HPA303_ndiv=4_level=2": {"utopia": [21.6, 4.0, -60.0], "nadir": [35.37, 4.403, 0.000963]}, "HPA304_ndiv=4_level=0": {"utopia": [22.32, -12.5, 0.04341], "nadir": [36.93, -7.396, 0.7894]}, "HPA304_ndiv=4_level=1": {"utopia": [21.65, -12.78, 0.03685], "nadir": [37.79, -7.691, 0.9137]}, "HPA304_ndiv=4_level=2": {"utopia": [21.65, -12.79, 0.03381], "nadir": [38.4, -7.567, 0.9706]}, "HPA305_ndiv=4_level=0": {"utopia": [178.7, -12.48, 0], "nadir": [400.0, -5.455, 1323.0]}, "HPA305_ndiv=4_level=1": {"utopia": [177.8, -12.78, 0], "nadir": [400.0, -5.414, 1323.0]}, "HPA305_ndiv=4_level=2": {"utopia": [177.7, -12.79, 0], "nadir": [400.0, -5.414, 1323.0]}, "HPA401_ndiv=4_level=0": {"utopia": [22.32, -12.5, 0.04341, 19.21], "nadir": [37.05, -7.512, 0.7894, 31.52]}, "HPA401_ndiv=4_level=1": {"utopia": [21.65, -12.78, 0.03685, 19.06], "nadir": [37.79, -7.697, 1.047, 32.14]}, "HPA401_ndiv=4_level=2": {"utopia": [21.65, -12.79, 0.03381, 19.06], "nadir": [38.4, -7.547, 1.036, 31.89]}, "HPA402_ndiv=4_level=0": {"utopia": [206.4, 0.02258, 0.03979, 16.0], "nadir": [712.1, 3.166, 0.3868, 34.64]}, "HPA402_ndiv=4_level=1": {"utopia": [204.4, 0.0172, 0.03195, 16.0], "nadir": [756.3, 3.055, 0.5977, 35.08]}, "HPA402_ndiv=4_level=2": {"utopia": [203.8, 0.01308, 0.02969, 16.0], "nadir": [865.7, 2.975, 0.4615, 34.49]}, "HPA403_ndiv=4_level=0": {"utopia": [-12.48, -0.9999, 19.27, 0], "nadir": [-7.928, -0.8774, 52.25, 1226.0]}, "HPA403_ndiv=4_level=1": {"utopia": [-12.78, -0.9999, 19.08, 0], "nadir": [-7.269, -0.8789, 52.97, 1321.0]}, "HPA403_ndiv=4_level=2": {"utopia": [-12.79, -0.9999, 19.08, 0], "nadir": [-7.269, -0.8789, 51.71, 1323.0]}, "HPA501_ndiv=4_level=0": {"utopia": [22.32, -12.5, 0.04341, -0.9998, 19.21], "nadir": [40.15, -6.629, 0.8148, -0.8903, 61.85]}, "HPA501_ndiv=4_level=1": {"utopia": [21.65, -12.78, 0.03685, -0.9998, 19.06], "nadir": [38.15, -6.629, 1.141, -0.8155, 53.2]}, "HPA501_ndiv=4_level=2": {"utopia": [21.65, -12.79, 0.03381, -0.9999, 19.06], "nadir": [38.4, -6.615, 1.198, -0.8452, 63.78]}, "HPA502_ndiv=4_level=0": {"utopia": [179.0, -12.33, 4.0, 0, -60.0], "nadir": [403.8, -5.478, 7.21, 1360.0, 2.083]}, "HPA502_ndiv=4_level=1": {"utopia": [178.4, -12.52, 4.0, 0, -60.0], "nadir": [400.6, -5.372, 7.024, 1338.0, 2.389]}, "HPA502_ndiv=4_level=2": {"utopia": [178.4, -12.52, 4.0, 0, -60.0], "nadir": [401.0, -5.446, 7.027, 1338.0, 0.8668]}, "HPA601_ndiv=4_level=0": {"utopia": [179.2, -12.5, 0.04341, -0.9998, 19.21, 16.0], "nadir": [400.1, -5.376, 0.8029, -0.882, 61.85, 39.97]}, "HPA601_ndiv=4_level=1": {"utopia": [178.4, -12.78, 0.03685, -0.9998, 19.06, 16.0], "nadir": [400.9, -5.491, 1.143, -0.8361, 62.77, 39.91]}, "HPA601_ndiv=4_level=2": {"utopia": [178.4, -12.79, 0.03381, -0.9999, 19.06, 16.0], "nadir": [400.9, -5.346, 1.242, -0.8595, 62.98, 39.91]}, "HPA901_ndiv=4_level=0": {"utopia": [179.0, -12.33, 0.04744, -0.9996, 19.49, 16.0, 4.0, 0, -60.0], "nadir": [410.2, -5.467, 1.6, -0.6822, 102.4, 40.11, 7.704, 1402.0, 6.661]}, "HPA901_ndiv=4_level=1": {"utopia": [178.4, -12.52, 0.04407, -0.9997, 19.41, 16.0, 4.0, 0, -60.0], "nadir": [408.9, -5.346, 2.404, -0.6909, 97.1, 40.11, 7.487, 1399.0, 4.928]}, "HPA901_ndiv=4_level=2": {"utopia": [178.4, -12.52, 0.0398, -0.9998, 19.41, 16.0, 4.0, 0, -60.0], "nadir": [406.7, -5.202, 1.826, -0.5859, 97.62, 40.17, 7.335, 1383.0, 4.316]}}